pred_id,predicate,sentence,sentence_rev,verb symmetry score,is_pred_symmetry,votes for 1,votes for 2,votes for 3,votes for 4,votes for 5,sentence average score,bert prediction,bert tuned prediction,ft prediction,w2v prediction,glv prediction,hybrid prediction
1,marry,"He married Kristie and has three children, Afiya, Eden and Titus. ","Kristie married him and has three children, Afiya, Eden and Titus. ",4,1,5,1,1,0,0,1.428571429,1.813510895,2.8149655,2.435348683,1.893002033,1.646387935,2.1225514
1,marry,Hannah Tamaki and Bishop Brian have been married for over 26 years.,Bishop Brian and Hannah Tamaki have been married for over 26 years.,4,1,7,0,0,0,0,1,1.380996704,1.5707862,0.912359836,1.843940377,1.682539225,1.1018112
1,marry,Don Hornig married chemist Lilli Hornig.,Chemist Lilli Hornig married Don Hornig. ,4,1,6,1,0,0,0,1.142857143,2.903928995,3.409677,2.699747561,2.142298937,2.184072733,2.6136768
1,marry,Angelina and Brad were married several years ago and had some issues.,Brad and Angelina were married several years ago and had some issues.,4,1,7,0,0,0,0,1,1.452158451,1.2696166,1.159366528,1.919101,1.621316314,1.0815477
1,marry,"Mrs. H., our teacher, who is beautiful and blond, is married to a black man from Africa (she shows us pictures of her wedding the first day).","A black man from Africa is married to Mrs. H., our teacher, who is beautiful and blond (she shows us pictures of her wedding the first day).",4,1,4,3,0,0,0,1.428571429,2.638445616,3.279905,2.83166825,2.307964802,2.126723289,2.8362324
1,marry,Croats and Serbs should marry each other.,Serbs and Croats should marry each other.,4,1,7,0,0,0,0,1,1.287725449,0.3753145,0.626586591,1.926235676,1.790367603,1.026223
1,marry,Black lesbians can marry white lesbians.,White lesbians can marry black lesbians.,4,1,5,1,1,0,0,1.428571429,2.986610889,2.398141,2.179817388,2.394880295,2.28838706,3.3938882
1,marry,Delany and the poet Marilyn Hacker were married to each other for several years and have a daughter.,The poet Marilyn Hacker and Delany were married to each other for several years and have a daughter.,4,1,7,0,0,0,0,1,1.29864502,1.4960848,1.533970165,1.907645464,1.775933385,1.0760902
1,marry,Outmoded metrics married modern data sources.,Modern data sources married outmoded metrics.,4,1,6,1,0,0,0,1.142857143,3.001510143,1.3716073,2.169009919,1.99177289,1.620788813,1.3426026
1,marry,Prince William and Kate Middleton married each other.,Kate Middleton and Prince William married each other.,4,1,7,0,0,0,0,1,2.337420464,0.8722206,0.994233672,1.875088692,1.706438303,1.0559503
2,match,"Screening methods will match specific drug treatments with patients with brain, ovarian and colorectal cancer based on molecular and genetic response to the therapy and avoiding trial and error.","Screening methods will match patients with brain, ovarian and colorectal cancer with specific drug treatments based on molecular and genetic response to the therapy and avoiding trial and error.",4.33,1,5,0,2,0,0,1.571428571,-0.234299183,2.6996777,2.25992826,2.007647038,1.904932499,1.1445665
2,match,"If the laboratory results and the patient's clinical presentation do not match, a decision to transfuse may occur based on incorrect results or analytical errors.","If the patient's clinical presentation and the laboratory results do not match, a decision to transfuse may occur based on incorrect results or analytical errors.",4.33,1,7,0,0,0,0,1,1.558509588,1.3880851,1.430216851,2.294915915,2.154104471,1.144568
2,match,Your file might match another author's file name.,Another author's file name might match your file.,4.33,1,7,0,0,0,0,1,4.125245094,3.7804394,2.665236253,2.51680398,2.493746996,1.9184406
2,match,"Rogen and Heigl seemed evenly matched as comedians, though Heigl may have edged him out in the end with her charm.","Heigl and Rogen seemed evenly matched as comedians, though Heigl may have edged him out in the end with her charm.",4.33,1,7,0,0,0,0,1,1.81924963,1.0917052,1.359714302,1.963392735,2.000944614,1.1580781
2,match,"ASP Staffing matches quality companies looking for qualified professional candidates in the accounting, sales, and insurance industries with the best candidates.","ASP Staffing matches the best candidates to quality companies looking for qualified professional candidates in the accounting, sales, and insurance industries.",4.33,1,5,0,0,1,1,2,2.996839046,2.4347332,2.267231615,2.244672537,2.198877335,1.2505442
2,match,Felon names and their dates of birth matched.,Their dates of birth and felon names matched.,4.33,1,6,1,0,0,0,1.142857143,2.249731541,0.53881246,0.976962664,1.934336424,1.817089319,1.1643745
2,match,IFC can match those seeking funds with those looking to invest funds into worthy projects.  ,IFC can match those looking to invest funds into worthy projects with those seeking funds.,4.33,1,6,0,1,0,0,1.285714286,4.090531349,3.710361,2.522635373,2.42812562,2.571942806,1.3997123
2,match,The file contents and your results do not match. ,Your results and the file contents do not match. ,4.33,1,7,0,0,0,0,1,0.254293919,0.64231735,1.099425181,2.206120014,2.293440819,1.1372553
2,match,A bloody glove matched the one at the murder scene in OJ's house.,The glove at the murder scene in OJ's house matched the bloody glove.,4.33,1,5,1,0,0,1,1.714285714,3.828296423,3.13029,2.605093811,2.088124275,2.241127014,2.3537679
2,match,The pair with the best correlation matched in significance.,The pair with the best correlation matched in significance.,4.33,1,6,0,0,0,1,1.571428571,2.118394375,2.0250897,2.099979758,2.224036217,2.140949488,1.1729774
3,resemble,"Village Way does actually resemble a small village, like those small quaint ones that you picture in a rural European country. ","A small village does actually resemble Village Way, like those small quaint ones that you picture in a rural European country. ",3.17,1,2,2,2,0,1,2.428571429,4.636203766,3.1675498,2.92042018,2.555464745,2.610601187,1.8037031
3,resemble,The curves of LBP and NP resembled each other,The curves of NP and LBP resembled each other,3.17,1,7,0,0,0,0,1,0.022328377,1.7247026,1.240844985,1.554859519,1.746747494,1.0717199
3,resemble,These planets would somehow resemble the planets in our own solar system. ,The planets in our own solar system would somehow resemble those planets.,3.17,1,3,2,1,0,1,2.142857143,3.185655832,2.9842892,2.632601982,2.472697735,2.651500463,1.4390516
3,resemble,Mars and Earth resembled each other,Earth and Mars resembled each other,3.17,1,6,0,0,0,1,1.571428571,2.68333292,1.3947453,1.53096778,1.678431511,1.456272125,1.0533463
3,resemble,The dots over the I's can resemble tone marks.,Tone marks can resemble the dots over the I's.,3.17,1,3,0,3,1,0,2.285714286,2.652112246,2.2832415,2.710806975,2.202536106,2.209764004,1.4721446
3,resemble,The Ps and Qs resembled each other,The Qs and Ps resembled each other,3.17,1,6,0,0,0,1,1.571428571,1.017503262,1.4420843,1.240844985,1.793557405,1.711663723,1.0519457
3,resemble,His reflection does not resemble him. ,He does not resemble his reflection.,3.17,1,6,0,1,0,0,1.285714286,4.761858463,3.0761323,3.362201921,2.347052574,2.398768425,2.2098413
3,resemble,The woman and the real Saint Nicholas resembled each other,The real Saint Nicholas and the woman resembled each other,3.17,1,7,0,0,0,0,1,3.152409077,1.4206007,1.240844985,1.923868656,1.944900751,1.0529237
3,resemble,The ten-year-olds resemble catatonic ghosts plugged into iPods.,Catatonic ghosts plugged into iPods resemble the ten-year-olds.,3.17,1,2,1,0,2,2,3.142857143,1.21169138,2.2638693,2.962052,2.165724754,2.28465724,1.5367568
3,resemble,Experiment II and Experiment III resembled each other.,Experiment III and Experiment II resembled each other.,3.17,1,7,0,0,0,0,1,2.169778824,1.5237604,1.240844985,2.239911079,1.769389868,1.061631
4,meet,None of the Gorlans would meet their eyes.,Their eyes would meet none of the Gorlans.,4.67,1,1,1,0,2,3,3.714285714,3.807470322,2.8828642,3.034946394,2.253798962,2.476270199,3.169894
4,meet,"The next day, my ex and I met.","The next day, me and my ex met.",4.67,1,7,0,0,0,0,1,2.28382349,1.4893003,0.894258415,1.926645875,1.831925869,1.0502522
4,meet,Students must meet with the director of the minor in sustainability.,The director of the minor in sustainability must meet with students.,4.67,1,2,0,0,3,2,3.428571429,0.046032906,3.5581243,3.450293585,2.579024553,2.567143679,2.943939
4,meet,The priest and mother met for the 5:30 pm Vigil Mass at ST. ,The mother and priest met for the 5:30 pm Vigil Mass at ST. ,4.67,1,7,0,0,0,0,1,4.396456718,1.6102757,0.894258415,2.141748428,2.436954498,1.1336207
4,meet,This imagery will best meet your Web needs.,Your Web needs will best meet this imagery.,4.67,1,0,2,0,1,4,4,2.898652554,3.6100593,2.72699923,2.46232152,2.514118433,3.2355738
4,meet,Women and men can meet in a building at the corner of the Railway Station carpark on Wednesdays at 7.30 pm. ,Men and women can meet in a building at the corner of the Railway Station carpark on Wednesdays at 7.30 pm. ,4.67,1,7,0,0,0,0,1,2.838526964,1.8284144,0.921297153,1.905154228,1.944762349,1.12592
4,meet,A very large organisation met me for some business.,I met a very large organisation for some business.,4.67,1,1,1,2,3,0,3,4.01473093,4.485288,2.852136719,2.427493095,2.356779575,4.2219534
4,meet,The girls and the supervisor meet on the site of the future science wing.,The supervisor and the girls meet on the site of the future science wing.,4.67,1,6,1,0,0,0,1.142857143,2.272852659,0.7310972,0.905912346,2.306601048,2.35635519,1.0603795
4,meet,She met her mother but her mother failed to recognize her.,Her mother met her but failed to recognize her.,4.67,1,4,1,0,1,1,2.142857143,2.953047276,3.6382465,2.544189555,2.15743804,2.081630945,2.9740672
4,meet,"Here, ethical and global business challenges meet each other.","Here, global and ethical business challenges meet each other.",4.67,1,7,0,0,0,0,1,1.826387644,0.8226639,1.168122558,2.12575531,2.205687761,0.9364057
5,argue,Marsilius of Padua and Lorenzo Valla argued against the priest.,The priest argued against Marsilius of Padua and Lorenzo Valla.,3.67,1,1,0,0,2,4,4.142857143,0.072333336,0.85435927,1.109233282,2.131892443,1.985574961,1.5733953
5,argue,Dad and Mom argued and the next day sucked.,Mom and Dad argued and the next day sucked.,3.67,1,7,0,0,0,0,1,0.578507423,0.22489838,1.109233282,1.362258434,1.18672657,0.9702015
5,argue,"The king argued with the queen, scaring the royal advisors.","The queen argued with the king, scaring the royal advisors.",3.67,1,3,2,0,1,1,2.285714286,2.930503368,3.3542366,2.383735318,2.164406061,2.082818031,3.0750575
5,argue,USSR and USA argue with each other,USA and USSR argue with each other,3.67,1,7,0,0,0,0,1,1.232300282,0.20856187,0.985784249,1.682729006,1.752006292,1.0065893
5,argue,He argued with the scientific officer.,The scientific officer argued with him.,3.67,1,1,3,1,1,1,2.714285714,2.399394989,3.275939,3.021738053,2.264679909,2.174312115,3.1737385
5,argue,The TV show host and Henry argue with each other,Henry and the TV show host argue with each other,3.67,1,7,0,0,0,0,1,0.868334293,0.27846596,0.723653108,2.033596039,2.108926535,0.9960501
5,argue,I can't argue with the referee out of courtesy.,The referee can't argue with me out of courtesy.,3.67,1,0,0,0,4,3,4.428571429,4.230003357,4.375195,3.179016163,2.480088711,2.356760502,3.5061188
5,argue,Veneziano and Romano argued all night.,Romano and Veneziano argued all night.,3.67,1,7,0,0,0,0,1,1.927525997,0.4874963,0.843147524,1.794917941,1.818861723,1.0412089
5,argue,I argued with my lawyer as everyone watched.,My lawyer argued with me as everyone watched.,3.67,1,0,3,0,1,3,3.571428571,3.878249168,3.57609,3.021738053,2.269793987,2.066231728,3.2033477
5,argue,"Out of all the signs, Leo and Pisces argue the most.","Out of all the signs, Pisces and Leo argue the most.",3.67,1,7,0,0,0,0,1,2.869950056,0.7668487,0.805040917,2.363124371,2.550755262,1.291907
6,differ,Many creative people differ from the more code-based web developers.,The more code-based web developers differ from many creative people.,3,1,5,1,1,0,0,1.428571429,1.90583086,2.7325807,3.626090654,1.978625774,1.983011961,1.5879977
6,differ,The expectations and the outcome may differ depending on the target group.,The outcome and the expectations may differ depending on the target group.,3,1,6,0,0,0,1,1.571428571,0.629964828,1.4014183,1.619734222,1.988644242,2.007812023,1.2264802
6,differ,The hypothesis differed from the outcome.,The outcome differed from the hypothesis.,3,1,6,1,0,0,0,1.142857143,2.044710875,2.085175,3.311707127,2.363446712,2.409473419,0.984497
6,differ,"The calories you are going to need and the calories you will actually have differ on your way of living, age and present bodyweight.","The calories you will actually have and the calories you are going to need differ on your way of living, age and present bodyweight.",3,1,7,0,0,0,0,1,1.06432724,1.7506206,1.444213826,2.328815937,2.308926105,1.3486751
6,differ,The Atkins diet may differ from the diet you are accustomed to at home. ,The diet you are accustomed to at home may differ from the Atkins diet.,3,1,7,0,0,0,0,1,0.264780045,2.9643354,3.893368245,2.451162338,2.283441305,1.5750244
6,differ,HRQOL median scores and standard deviations did not differ significantly.,HRQOL standard deviations and median scores did not differ significantly.,3,1,5,1,1,0,0,1.428571429,1.08438015,1.4396944,1.677069884,1.780799389,1.616159558,1.1729635
6,differ,Your explanation may differ from the definition.,Your definition may differ from the explanation.,3,1,3,2,0,1,1,2.285714286,3.277040005,3.6181905,3.893368245,2.312775373,2.162416458,1.6075325
6,differ,"Because issues and needs often differ regionally across North America, membership begins at a local level.","Because issues and needs often differ regionally across North America, membership begins at a local level.",3,1,7,0,0,0,0,1,1.237055302,2.1514611,1.444213826,2.186247587,2.152704954,1.4088328
6,differ,Biofilms that form on solid phases at contaminated subsurface sites may differ significantly in form and function from those found in other environments.,Biofilms found in other environments may differ significantly in form and function from those that form on solid phases at contaminated subsurface sites.,3,1,4,1,0,1,1,2.142857143,1.538115025,2.6160488,3.720470353,2.335566998,2.26190877,2.3849292
6,differ,BMI and glycemic index did not differ by dietary pattern and averaged 23.7 for all women combined.,Glycemic index and BMI did not differ by dietary pattern and averaged 23.7 for all women combined.,3,1,7,0,0,0,0,1,0.989048004,1.3933434,1.636499536,1.791887522,1.633244038,1.2486575
7,combine,People should combine their talent with a focus on delivering results.,People should combine a focus on delivering results with their talent. ,4.67,1,6,0,0,0,1,1.571428571,4.139759541,3.4476163,2.691888866,2.390968561,2.494046211,1.5686516
7,combine,The documents released by WikiLeaks and the recent analysis by the U.S. intelligence community combined to make it clear that the stated objectives of the U.S. are unachievable.,I combined the recent analysis by the U.S. intelligence community and documents released by WikiLeaks to make it clear that the stated objectives of the U.S. are unachievable.,4.67,1,2,0,2,0,3,3.285714286,2.588856697,1.2460984,0.955737568,2.236971617,2.289844513,1.8846463
7,combine,I combine the chipotle with the mayonnaise and honey.,I combine the mayonnaise and honey with the chipotle.,4.67,1,6,0,0,1,0,1.428571429,-1.16923666,2.4354696,2.781752991,2.418956757,2.428867579,1.1707366
7,combine,The school combined learning and Black Eyed Peas to encourage children to be active.,The school combined Black Eyed Peas and learning to encourage children to be active.,4.67,1,6,1,0,0,0,1.142857143,3.732539892,1.6281642,1.247575526,1.861754656,1.896159649,1.1877497
7,combine,We optionally combine RTB API with our DSP white label for rapid go-to-market.,We optionally combine our DSP white label with RTB API for rapid go-to-market.,4.67,1,7,0,0,0,0,1,3.709747314,2.9290586,2.309011282,2.355999947,2.60234189,1.4888601
7,combine,Entrepreneurs combine strength and street smarts.,Entrepreneurs combine street smarts and strength.,4.67,1,7,0,0,0,0,1,1.837725878,1.0172052,2.110239503,1.905580759,1.86226213,1.093846
7,combine,"For my blog, I am going to combine the criteria of each organization with my own knowledge.","For my blog, I am going to combine my own knowledge with the criteria of each organization.",4.67,1,6,0,0,1,0,1.428571429,2.516213894,2.5011473,2.58268068,2.468718767,2.423378468,1.6364294
7,combine,"Vegetarians must combine the ""incomplete"" proteins and carbohydrates found in grains and legumes in order to attain a healthy diet.","Vegetarians must combine the carbohydrates and ""incomplete"" proteins found in grains and legumes in order to attain a healthy diet.",4.67,1,6,1,0,0,0,1.142857143,3.192043543,1.7294639,2.08363063,2.149088144,2.038383484,1.1052449
7,combine,I combined remaining hair with previous handful of hair to make a single ponytail.,I combined previous handful of hair with remaining hair to make a single ponytail.,4.67,1,7,0,0,0,0,1,1.105535984,2.5555007,2.586479611,2.485320807,2.303649426,1.277046
7,combine,His works combine a visceral sense of space and motion.,His works combine motion and a visceral sense of space.,4.67,1,3,0,1,2,1,2.714285714,0.609425545,2.9904654,2.429840215,2.266630173,2.269082069,1.1573282
8,compare,We compare several methods for active learning techniques with more traditional methods.,We compare more traditional methods with several methods for active learning techniques.,4.5,1,4,1,1,0,1,2,1.691950798,2.7215133,2.232589643,2.197175264,2.16785264,1.4013338
8,compare,The AED study will also compare targeted and universal screening approaches. ,The AED study will also compare universal screening and targeted approaches. ,4.5,1,5,0,2,0,0,1.571428571,1.925065041,2.8296227,2.273361414,1.944296956,2.010115862,1.867917
8,compare,One can compare the risque content to the ''censorship'' function of the dream.,One can compare the ''censorship'' function of the dream to the risque content.,4.5,1,2,3,1,0,1,2.285714286,2.84881258,3.1375668,2.638382345,2.043405533,2.243630886,1.6262187
8,compare,Users can compare different days and months so sleep quality is quantified.,Users can compare different months and days so sleep quality is quantified.,4.5,1,6,1,0,0,0,1.142857143,3.104360819,2.4939866,2.546639474,2.208748102,2.147508621,1.2197397
8,compare,"In addition, BHM and EFM application will compare measured data to the improved predicted metrics, which will enable detection of building deviations.","In addition, BHM and EFM application will compare the improved predicted metrics, which will enable detection of building deviations, to measured data.",4.5,1,2,2,1,1,1,2.571428571,1.960144043,3.111843,1.010340851,2.082740784,2.038077354,1.1971748
8,compare,They compare the features and price of the products.,They compare the price and features of the products.,4.5,1,7,0,0,0,0,1,2.39729166,2.5102215,2.434185905,2.029622316,2.016312122,1.3232905
8,compare,Countries can compare themselves to peers on the 25 PHC Vital Signs indicators.,Countries can compare peers to themselves on the 25 PHC Vital Signs indicators.,4.5,1,5,0,1,0,1,1.857142857,1.608720541,2.2493267,2.192892276,2.074245453,2.324518681,1.5099355
8,compare,We compared Googlemaps and OpenStreetMaps implementations.,We compared OpenStreetMaps and Googlemaps implementations.,4.5,1,7,0,0,0,0,1,1.735542297,2.193492,2.493629505,1.871323347,2.199015617,1.2376306
8,compare,You can also compare your beauty with your boyfriend's or girlfriend's. ,You can also compare your boyfriend's or girlfriend's beauty to yours.,4.5,1,6,0,1,0,0,1.285714286,1.842219353,3.1918414,2.790533282,2.44339323,2.339035988,1.3673425
8,compare,He compared Python and Java.,He compared Java and Python.,4.5,1,7,0,0,0,0,1,1.257940292,2.521876,2.647425408,1.259423375,1.540225148,1.3455737
9,rhyme,"Skype rhymes with type, at least that's what I think.","Type rhymes with Skype, at least that's what I think.",2.67,1,7,0,0,0,0,1,1.807830811,2.6209402,3.543877486,2.861152411,3.050087929,1.4995862
9,rhyme,My employer's name and hell rhyme.,Hell and my employer's name rhyme.,2.67,1,5,1,1,0,0,1.428571429,-0.439399719,2.1799245,1.182666232,2.136697292,2.377135754,1.2225263
9,rhyme,"A song called ""Stronger"" rhymed with a line about not waiting any ""longer"" and the word ""wronger"".","A line about not waiting any ""longer"" and the word ""wronger"" rhymed with a song called ""Stronger"".",2.67,1,4,1,0,1,1,2.142857143,2.883979082,2.6039171,3.100863944,2.015727758,2.073831558,1.513659
9,rhyme,The line about love and the one about burgers rhyme nicely but don't make sense.,The line about burgers and the one about love rhyme nicely but don't make sense.,2.67,1,7,0,0,0,0,1,0.937510252,1.8843875,1.540329986,2.285290241,2.339604378,1.3228089
9,rhyme,Deayton rhymes with Eton but is often mispronounced.  ,Eton rhymes with Deayton but is often mispronounced.  ,2.67,1,4,1,0,1,1,2.142857143,0.4866786,3.0624123,3.23492184,2.36551404,2.55364275,1.353963
9,rhyme,Line 1 and Line 2 in the Haiku poem don't need to rhyme. ,Line 2 and Line 1 in the Haiku poem don't need to rhyme. ,2.67,1,7,0,0,0,0,1,2.462996483,2.0914583,1.432216554,1.969142675,2.089171648,1.3733555
9,rhyme,"""Sally Mae"" kinda rhymes with bullshit.  ","Bullshit kinda rhymes with ""Sally Mae"".",2.67,1,5,1,0,0,1,1.714285714,2.516347408,2.9076157,3.651990919,2.668565989,2.865458965,1.5138159
9,rhyme,"Repression and depression do rhyme, so look forward to rampant price inflation.","Depression and repression do rhyme, so look forward to rampant price inflation.",2.67,1,7,0,0,0,0,1,2.45701313,2.5810332,1.599735311,2.099110365,2.012630463,1.1976917
9,rhyme,"Krugle does rhyme with Google, but apart from that why should Krugle be more popular?  ","Google does rhyme with Krugle, but apart from that why should Krugle be more popular?  ",2.67,1,5,2,0,0,0,1.285714286,0.930989027,2.5832138,3.619499258,2.407822847,2.507521629,1.4072951
9,rhyme,"This and the next line, their hearts as cold as ice, don't rhyme.","The next line, their hearts as cold as ice, and this don't rhyme.",2.67,1,5,1,0,1,0,1.571428571,1.880111456,2.083119,0.591189557,2.070318937,2.044823408,1.3663697
10,tie,Mary Ann Gomes tied with Soumya and Tania on 7.5 points.,Soumya and Tania tied with Mary Ann Gomes on 7.5 points.,3.17,1,6,0,0,0,1,1.571428571,0.142386436,2.0075812,2.374346095,2.171873569,2.291055918,1.3586487
10,tie,Q3 winner Dustin Evans and his big rival tied.,His big rival and Q3 winner Dustin Evans tied.,3.17,1,5,1,0,1,0,1.571428571,2.411828279,1.2475278,0.833748986,2.121657848,2.094717264,1.1106057
10,tie,But he could only tie with Dawn Creten. ,But Dawn Creten could only tie with him.,3.17,1,4,0,0,2,1,2.428571429,2.577963352,4.0116367,1.00313932,2.277486324,2.611852169,2.2062306
10,tie,Ste Atkinson and Andrew were almost tied.,Andrew and Ste Atkinson were almost tied.,3.17,1,7,0,0,0,0,1,0.600474834,0.90304464,0.834516198,2.071069002,2.013670921,1.0706966
10,tie,Email lists really tie with customers.,Customers really tie with email lists.,3.17,1,3,1,2,0,1,2.285714286,0.728917122,1.0403202,2.562377998,2.964866161,3.097919703,1.5338764
10,tie,"You and another player are tied, so advance to the next round.","Another player and you are tied, so advance to the next round.",3.17,1,7,0,0,0,0,1,2.899927855,2.0053408,0.906447928,1.863053322,1.758337498,1.0745254
10,tie,"Canada tied with Germany, meaning Canada was good enough.","Germany tied with Canada, meaning Canada was good enough.",3.17,1,3,2,0,2,0,2.142857143,1.333675146,1.8087847,2.222029666,1.738499522,1.690305948,2.0001736
10,tie,Slytherin and Hufflepuff were tied but Hufflepuff won next time.,Hufflepuff and Slytherin were tied but Hufflepuff won next time.,3.17,1,7,0,0,0,0,1,0.355543137,1.3602931,0.887357683,2.290563822,2.497429848,1.0759703
10,tie,Kuperman will tie with Farrell for third if Mr. Kuperman wins the last round.,Farrell will tie with Kuperman for third if Mr. Kuperman wins the last round.,3.17,1,6,0,0,1,0,1.428571429,0.190740585,3.1593404,2.508769301,2.31480217,2.279278755,2.2588549
10,tie,"Ferguson and Lee were tied in round 72, forcing a playoff.","Lee and Ferguson were tied in round 72, forcing a playoff.",3.17,1,7,0,0,0,0,1,1.054573059,0.9235472,0.547116299,1.918178439,1.859775305,1.0698731
11,collaborate,Much later he collaborated with his son Michael on the English translation of a text on food production.,Much later his son Michael collaborated with him on the English translation of a text on food production.,3,1,2,0,2,3,0,2.857142857,2.914004564,3.84391,2.189518046,2.263233185,2.337304115,3.2479706
11,collaborate,Professionals and amateurs collaborated in the making of music.,Amateurs and professionals collaborated in the making of music.,3,1,6,1,0,0,0,1.142857143,2.968814611,0.53838915,1.419874422,2.370482683,2.224916935,1.2443578
11,collaborate,He collaborated with the Nazis during World War II.,The Nazis collaborated with him during World War II.,3,1,4,1,1,0,1,2,3.950405836,3.9103472,3.049976263,2.127818108,1.94995296,2.863834
11,collaborate,Patterson and Bill Clinton collaborated on a novel.,Bill Clinton and Patterson collaborated on a novel.,3,1,7,0,0,0,0,1,1.315520287,0.8486432,1.419874422,1.994877219,2.240605593,1.1139482
11,collaborate,"I'd rather collaborate with a tarantula, because I'm vermin right now.","A tarantula would rather collaborate with me, because I'm vermin right now.",3,1,0,1,1,0,5,4.285714286,2.962550879,4.1070595,2.247648597,2.366871357,2.138400078,3.125097
11,collaborate,Rock 'n' roll and surf collaborate to introduce this popular board short inspired by the Red Hot Chili Peppers (RHCP).,Surf and rock 'n' roll collaborate to introduce this popular board short inspired by the Red Hot Chili Peppers (RHCP).,3,1,6,0,1,0,0,1.285714286,2.670330048,1.4080545,0.82432256,2.021977186,2.234447956,1.4533983
11,collaborate,"He collaborated with other authors, jumpstarting his career as a dramatist.","Other authors collaborated with him, jumpstarting his career as a dramatist.",3,1,3,2,1,0,1,2.142857143,2.985218048,3.7886047,2.223145713,2.353524685,2.139749527,2.6486175
11,collaborate,The writer and applicant can certainly collaborate on the letter if need be.,The applicant and writer can certainly collaborate on the letter if need be.,3,1,7,0,0,0,0,1,2.118002892,0.76915663,1.513673152,1.979501009,1.97078228,1.0739381
11,collaborate,Although Lloyd Webber collaborated with comedian and author Ben Elton.,Ben Elton collaborated with comedian and author Although Lloyd Webber.,3,1,2,1,1,2,1,2.857142857,3.019473076,3.3259404,2.785069909,2.052111626,2.120940208,2.348176
11,collaborate,"My ex and I could collaborate, but he is such an asshole.","Me and my ex could collaborate, but he is such an asshole.",3,1,7,0,0,0,0,1,1.252681255,0.9950063,1.604631453,2.395565271,2.32548213,1.0962892
12,communicate,He couldn't communicate with her once she disabled her translator.,She couldn't communicate with him once she disabled her translator.,1.67,1,1,4,0,1,1,2.571428571,3.457724094,4.3118377,3.302452521,2.086236954,2.047855854,3.4853098
12,communicate,Helen and I have not communicated since our divorce.,Me and Helen have not communicated since our divorce.,1.67,1,7,0,0,0,0,1,0.955234051,0.83200264,1.206438266,1.920671701,1.826137543,1.0331521
12,communicate,Gabe communicates with the small life through magic.,The small life communicates with Gabe through magic.,1.67,1,2,1,0,1,3,3.285714286,1.220919132,4.053822,2.995278114,2.531849861,2.624032497,2.342453
12,communicate,Alexander and his base communicated only by the narrow line of the Hellespont.,Alexander's base and him communicated only by the narrow line of the Hellespont.,1.67,1,6,1,0,0,0,1.142857143,3.015967607,1.4742285,2.706358178,2.093515873,2.123965979,1.6306213
12,communicate,These cavities communicate with the exterior through the gonad ducts.,The exterior communicates with these cavities through the gonad ducts.,1.67,1,4,0,1,1,1,2.285714286,2.237261772,2.3476076,3.105659464,2.332591534,2.313326836,2.2298589
12,communicate,Rarely do the admissions officer and the parent not communicate.,Rarely do the parent and the admissions officer not communicate.,1.67,1,7,0,0,0,0,1,2.468165398,1.5395728,1.206438266,2.103620052,2.037008762,1.1752002
12,communicate,I am not communicating with a stranger.,A stranger is not communicating with me.,1.67,1,2,2,1,1,1,2.571428571,4.298392773,4.3682,2.975563935,2.400888443,2.197713614,3.3635707
12,communicate,"Inhabitants and the outer world communicate by means of ""sea messages.""","The outer world and inhabitants communicate by means of ""sea messages.""",1.67,1,7,0,0,0,0,1,-0.87530899,0.5791958,0.86589269,2.357110262,2.242285252,1.17006
12,communicate,The Oise and the canal of St Quentin communicate with Paris along the canal.,The canal of St Quentin and the Oise communicate with Paris along the canal.,1.67,1,5,1,0,0,1,1.714285714,3.330383301,1.5895977,3.248853706,2.146292925,2.227688551,1.4974272
12,communicate,The deaf student and teacher communicated silently.,The teacher and deaf student communicated silently.,1.67,1,7,0,0,0,0,1,0.365930557,0.5876677,3.033246764,1.956738591,1.921850085,1.0763787
13,chat,I was chatting to him the other day about his wedding.,He was chatting to me the other day about his wedding.,2.33,1,3,3,0,0,1,2,1.219758987,3.3913846,2.921668215,2.480151653,2.313985825,2.113952
13,chat,The women and men were chatting but one woman did not want to participate.,The men and women were chatting but one woman did not want to participate.,2.33,1,7,0,0,0,0,1,3.327261686,0.55850774,0.832339435,2.078857422,2.092018366,1.417344
13,chat,Effie chatted with the Deans about her prospective admission.,The Deans chatted with Effie about her prospective admission.,2.33,1,4,2,1,0,0,1.571428571,1.717851162,2.6067016,3.174043041,2.283557177,2.340134621,1.8963778
13,chat,Friends and enemies chat for awhile before the inevitable spat.,Enemies and friends chat for awhile before the inevitable spat.,2.33,1,7,0,0,0,0,1,0.741584301,0.33193696,1.883034929,2.152493477,2.091595888,1.4083471
13,chat,Prospective volunteers can chat with representatives of international volunteer organizations.,Representatives of international volunteer organizations can chat with prospective volunteers.,2.33,1,4,1,1,1,0,1.857142857,-0.144796848,2.2700512,2.67346145,2.244465828,2.323925495,1.7845203
13,chat,Roger and the crew chatted with each other.,The crew and Roger chatted with each other.,2.33,1,6,1,0,0,0,1.142857143,0.751698494,0.20851544,1.177532007,1.875195861,1.849378347,1.3905765
13,chat,Maker's Block chatted with her to get her views on the state of the Maker Movement in Singapore.,She chatted with Maker's Block to get her views on the state of the Maker Movement in Singapore.,2.33,1,1,2,0,1,3,3.428571429,-0.066275597,2.0867195,3.086146308,2.216595888,2.374767542,1.9246417
13,chat,You will chat with Sinead and Gaye like it's the last night of your life.,Sinead and Gaye will chat with you like it's the last night of your life.,2.33,1,3,0,1,1,2,2.857142857,3.518444061,3.611399,1.450304145,2.600412369,2.74895978,1.6429418
13,chat,"Dr. Kiki chatted with Tom Robinson, VP of projects, and Dan Goldman, CFO.","Tom Robinson, VP of projects, and Dan Goldman, CFO, chatted with Dr. Kiki.",2.33,1,4,2,0,1,0,1.714285714,0.428860664,2.2574015,2.238895444,1.729103208,2.118831635,1.8146445
13,chat,My wife and my mistress chatted over drinks.,My mistress and my wife chatted over drinks.,2.33,1,7,0,0,0,0,1,1.571718216,0.5519536,0.616480499,2.186351776,2.043098688,1.4073945
14,agree,I agreed with you that the open system is by far the best.,You agreed with me that the open system is by far the best.,2.83,1,1,1,2,0,3,3.428571429,3.331272364,3.699438,3.354160632,2.614481449,2.577226639,3.458967
14,agree,Mr. Dean and I finally agree on something!,Me and Mr. Dean finally agree on something!,2.83,1,7,0,0,0,0,1,-0.067993641,0.964582,1.956069093,1.951823473,2.001201153,0.97278875
14,agree,I agree with every word you've just said.,Every word you've just said agrees with me.,2.83,1,1,1,0,0,5,4,3.684033632,3.6366615,2.526667912,2.517730951,2.35995388,2.8186023
14,agree,Neither Hitler or Stalin had agreed.,Neither Stalin or Hitler had agreed.,2.83,1,7,0,0,0,0,1,1.14521265,1.6989993,1.956069093,1.863148808,1.832004428,1.050992
14,agree,I don't agree with him; but I will work with him.,He doesn't agree with me; but I will work with him.,2.83,1,2,0,1,2,2,3.285714286,2.845022917,3.3860736,3.275453821,2.939795494,2.815333128,3.4081292
14,agree,"Atta and Jarrah would agree and be ready to move forward in about a month, after Jarrah visited his family.","Jarrah and Atta would agree and be ready to move forward in about a month, after Jarrah visited his family.",2.83,1,7,0,0,0,0,1,2.580741405,1.5548477,1.536320063,2.074400663,1.820457101,0.9910047
14,agree,I might agree with them and they might agree with me.,They might agree with me and I might agree with them.,2.83,1,7,0,0,0,0,1,2.199939251,1.8446894,2.492806938,2.53213954,2.428942204,1.4656856
14,agree,"The principal and the mother agreed to keep things quiet, but the mother was hesitant.","The mother and the principal agreed to keep things quiet, but the mother was hesitant.",2.83,1,7,0,0,0,0,1,1.080343246,1.3931302,0.599172962,2.295366049,2.326532841,0.9779712
14,agree,"I don't always agree with you, but that's okay, isn't it?","You don't always agree with me, but that's okay, isn't it?",2.83,1,1,1,0,3,2,3.571428571,3.524166822,3.4509804,3.203451455,2.940293789,2.951459885,3.4615147
14,agree,Alumni and current students could agree because the university was great.,Current students and alumni could agree because the university was great.,2.83,1,7,0,0,0,0,1,2.141861677,1.2011055,1.079129243,2.205327511,2.064776659,0.9785683
15,separate,"They separated teaching from research, garnering stellar results.","They separated research from teaching, garnering stellar results.",2.17,1,5,1,0,1,0,1.571428571,1.081139565,2.4714038,3.504489539,2.024192572,1.907131672,1.3017222
15,separate,Mom and Dad separated last month.,Dad and Mom separated last month.,2.17,1,7,0,0,0,0,1,1.775677681,0.74406004,1.255292994,1.672896743,1.768961668,1.0871001
15,separate,The front end of the car separated from the rest of the vehicle. ,The rest of the vehicle separated from the front end of the car. ,2.17,1,4,0,1,2,0,2.142857143,1.129272938,1.6123185,3.731412625,1.999135494,1.995690346,2.152107
15,separate,The brother and sister separated once their parents disappeared.,The sister and brother separated once their parents disappeared.,2.17,1,7,0,0,0,0,1,-1.193597317,0.8827573,1.406258388,1.852792025,1.669501543,1.0927429
15,separate,The president separated himself from the Act.,The president separated the act from himself.,2.17,1,2,3,1,1,0,2.142857143,3.397492409,3.0500731,3.158200507,2.085260153,2.074624777,3.224759
15,separate,The river separated the East and the West.,The river separated the West and the East.,2.17,1,7,0,0,0,0,1,-0.061339378,1.5378388,1.557604559,1.880459309,1.926506281,1.2232167
15,separate,The screen might be separated from the rood beam or rood loft.,The rood beam or rood loft might be separated from the screen.,2.17,1,7,0,0,0,0,1,3.963283539,3.0454714,3.504489539,2.07324791,1.943106532,1.6696525
15,separate,Your body and soul may be separated from each other.,Your soul and body may be separated from each other.,2.17,1,6,1,0,0,0,1.142857143,0.836047173,0.71455574,1.184992199,2.154530287,1.966593027,1.081424
15,separate,This rock was separate from the rest of the mountain.,The rest of the mountain was separate from this rock.,2.17,1,5,2,0,0,0,1.285714286,3.327400684,2.7789683,1.577380489,2.47503829,2.405689478,2.4013495
15,separate,My life and yours won't be separated.,Your life and mine won't be separated.,2.17,1,7,0,0,0,0,1,1.353289127,1.0736045,0.973971042,2.212779522,2.238302708,1.0966531
16,alternate,Her aggressive moods alternated with gentle or more cooperative states.,Gentle or more cooperative states alternated with her aggressive moods.,2,1,6,0,0,0,1,1.571428571,1.167604446,1.9982039,2.835738779,2.241889715,2.249392509,2.0376282
16,alternate,You should alternate layers of that mixture and eggplant.,You should alternate eggplant and layers of that mixture.,2,1,5,0,1,0,1,1.857142857,1.031801224,2.0474622,0.562616438,2.288743019,2.308176994,1.4573427
16,alternate,The Priestess may alternate with the Priest if the Bishop sees fit.,The Priest may alternate with the Priestess if the Bishop sees fit.,2,1,6,0,1,0,0,1.285714286,2.960023403,3.4621677,2.736464263,2.610710859,2.752174377,2.2903764
16,alternate,Floral patterns and mosaic patterns can alternate depending on your mood.,Mosaic patterns and floral patterns can alternate depending on your mood.,2,1,7,0,0,0,0,1,2.243715763,0.91458505,0.562616438,1.850071907,1.831831217,1.2633932
16,alternate,Walking can alternate with driving to give the environment a break.,Driving can alternate with walking to give the environment a break.,2,1,3,1,1,1,1,2.428571429,3.330458879,2.4734917,3.382613438,2.089436531,2.082998753,2.0811853
16,alternate,Light and dark cycles alternated with each other.,Dark and light cycles alternated with each other.,2,1,7,0,0,0,0,1,1.506299973,0.7810732,1.640216616,1.933415294,1.842236996,1.2016547
16,alternate,Andrew alternated between poking at the write concurrency issues and doing functional benchmark comparisons.,Andrew alternated between doing functional benchmark comparisons and poking at the write concurrency issues.,2,1,7,0,0,0,0,1,2.139358282,2.5463407,2.236382103,2.037046194,1.920921326,2.2478704
16,alternate,The blind spot detection display or the automatic rain sensor operation display may alternate with other display functions by a display toggle.,Other display functions may alternate with the blind spot detection display or the automatic rain sensor operation display by a display toggle.,2,1,3,1,1,2,0,2.285714286,1.686347961,1.7723994,1.404784789,2.384177685,2.390480042,1.9439801
16,alternate,Song alternated with dance in this fascinating play.,Dance alternated with song in this fascinating play.,2,1,4,1,0,0,2,2.285714286,0.583077431,1.6103619,2.53003911,2.028043747,2.080345631,2.047882
16,alternate,Grammar and comprehension exercises alternated with each other.,Comprehension and grammar exercises alternated with each other.,2,1,7,0,0,0,0,1,1.349453211,0.7792935,0.863293537,1.928021908,1.76884377,1.190527
17,mix,I mixed the cinnamon with the rest of the sugar.,I mixed the rest of the sugar with the cinnamon.,3.17,1,6,0,0,0,1,1.571428571,5.29916048,3.364573,2.389672507,2.421832323,2.2946105,2.1176045
17,mix,Oil and water don't mix.,Water and oil don't mix.,3.17,1,7,0,0,0,0,1,-2.475806713,0.60568756,0.618989777,2.011713743,2.000455141,1.0350367
17,mix,The girl mixed a fleshy aloe leaf with a tablespoon of honey.,The girl mixed a tablespoon of honey with a fleshy aloe leaf.,3.17,1,6,0,0,0,1,1.571428571,3.55820632,3.4131021,3.139562818,2.473852634,2.595435381,2.4963796
17,mix,The goths and punks mix with each other quite well.,The punks and goths mix with each other quite well.,3.17,1,7,0,0,0,0,1,0.27808857,0.62425613,1.450434266,2.470225573,2.634135723,1.0982125
17,mix,The chemist mixed the solute with the solvent to get a reaction.,The chemist mixed the solvent with the solute to get a reaction.,3.17,1,6,0,0,0,1,1.571428571,3.369056225,2.958784,2.514850637,2.531484365,2.718000174,1.6865784
17,mix,She mixed her facades and garden ornament knick knacks.,She mixed her garden ornament knick knacks and facades.,3.17,1,7,0,0,0,0,1,3.062108517,1.5147367,0.850248897,1.556936502,1.343415737,1.3693432
17,mix,Turkish men do not mix with Cypriot girls because they are very independent.,Cypriot girls do not mix with Turkish men because they are very independent.,3.17,1,1,1,0,4,1,3.428571429,2.901349545,3.5212383,2.573915829,2.206678867,2.193330526,1.8037704
17,mix,"Red and blue colors should never be mixed, red is for the optimists and blue for pessimists.","Blue and red colors should never be mixed, red is for the optimists and blue for pessimists.",3.17,1,6,1,0,0,0,1.142857143,0.416976929,1.0085878,0.850248897,2.247511148,2.196179152,1.1927652
17,mix,"The voice does not mix with the music, but the music works with everything.","The music does not mix with the voice, but the music works with everything.",3.17,1,4,2,0,1,0,1.714285714,0.563216209,2.7720165,2.249053136,2.665257454,2.77596283,2.0972946
17,mix,The egg and sperm were mixed but they should have not been.,The sperm and egg were mixed but they should have not been.,3.17,1,7,0,0,0,0,1,1.810088158,0.7804397,1.415895886,2.012782812,2.078374863,1.0513105
18,coexist,Newspaper websites can coexist with the print newspapers and still bring in healthy profit margins.,The print newspapers can coexist with newspaper websites and still bring in healthy profit margins.,1,1,5,0,1,0,1,1.857142857,-0.548448086,2.2758706,2.456463593,2.283790588,2.358025312,1.8023319
18,coexist,Our universe and matter would not coexist if there is no change-of-state at the microworld level of quantum mechanics.,Matter and our universe would not coexist if there is no change-of-state at the microworld level of quantum mechanics.,1,1,6,1,0,0,0,1.142857143,2.73598218,0.77918535,1.315449154,2.312296152,2.29830265,1.1694168
18,coexist,Handlers used in this demo can coexist with loading operations that access shadow RAM.,Loading operations that access shadow RAM can coexist with handlers used in this demo.,1,1,5,2,0,0,0,1.285714286,-0.43353796,2.5182347,3.294290098,2.155784845,2.146734238,1.9121408
18,coexist,Crowdsourcing sites and the professional design community might coexist peacefully.,The professional design community and crowdsourcing sites might coexist peacefully.,1,1,7,0,0,0,0,1,-1.553422451,0.4370906,1.850004288,2.382421732,2.436761141,1.142617
18,coexist,"We coexist with the natural world, but it tries hard to resist.","The natural world coexists with us, but it tries hard to resist.",1,1,5,1,1,0,0,1.428571429,3.671228409,3.276068,3.294290098,2.597088814,2.487221956,1.8894786
18,coexist,"Fingernail fungus and athlete's foot may coexist, but they are not the same.","Athlete's foot and fingernail fingus may coexist, but they are not the same.",1,1,7,0,0,0,0,1,0.507433891,0.233296,1.356962783,2.455709696,2.515618324,1.1186414
18,coexist,They can really coexist peacefully in the tank with thousands of fish and the occasional diver.,Thousands of fish and the occasional diver can really coexist peacefully in the tank with them.,1,1,4,2,0,0,1,1.857142857,4.332107544,3.2240381,3.626701616,2.30770874,2.333401203,1.824849
18,coexist,Conservation and renewable energy development can coexist in the 21st century.,Renewable energy development and conservation can coexist in the 21st century.,1,1,7,0,0,0,0,1,0.146273613,0.40465963,0.979103976,1.940247536,2.057148933,1.122468
18,coexist,Some people like me with a slow wifi connection cannot coexist with site maintainers who feel differently.,Site maintainers who feel differently cannot coexist with some people like me with a slow wifi connection.,1,1,5,1,0,1,0,1.571428571,1.934781075,3.260251,2.798478257,2.550150394,2.654591084,1.9565935
18,coexist,Religion and science can coexist with each other if conveyed well by a rational spokesperson.,Science and religion can coexist if conveyed well by a rational spokesperson.,1,1,6,0,0,1,0,1.428571429,-0.139463902,0.1998261,1.190690391,2.217472553,2.271510601,1.1040679
19,clash,His approach might clash with the wishes of some Vermonters.,The wishes of some Vermonters might clash with his approach.,1,1,4,1,1,0,1,2,2.533213139,3.5577977,3.103569828,2.461431265,2.599472284,2.1011689
19,clash,"The interests of the mafia and Pathan job interests do not clash in any way, they compliment each other.","Pathan job interests and the interests of the mafia do not clash in any way, they compliment each other.",1,1,7,0,0,0,0,1,0.716073036,0.78889555,0.904067385,2.241705179,2.283255577,1.3617512
19,clash,"Maternity Shirts would clash with her pinup girl look, but she didn't care.","Her pinup girl look would clash with Maternity Shirts, but she didn't care.",1,1,3,1,1,2,0,2.285714286,3.574111223,2.0144734,2.761335175,2.339399338,2.376450777,1.8163564
19,clash,Waterford and Antrim will clash again in the first round of the Under-16 ''B'' Championship at a halfway venue (TBC) at 2.30.,Antrim and Waterford will clash again in the first round of the Under-16 ''B'' Championship at a halfway venue (TBC) at 2.30.,1,1,7,0,0,0,0,1,1.65129137,1.2148238,0.904067385,2.023250103,2.213600159,1.2569212
19,clash,You won't clash with a society or competition if you check with the Parknasilla Hotel.,A society or competition won't clash with you if you check with the Parknasilla Hotel.,1,1,1,2,1,1,2,3.142857143,2.303370476,4.101819,3.172968254,2.714683533,2.901875973,3.9146452
19,clash,Some religious fanatics and scientists clash with one another.,Some scientists and religious fanatics clash with one another.,1,1,7,0,0,0,0,1,1.47912097,0.66131896,0.904067385,2.418989182,2.42389822,1.1681584
19,clash,Not all the boys clashed with the girls.,The girls clashed with not all the boys.,1,1,2,2,0,0,3,3,3.460477829,1.7003644,2.913610405,2.495069504,2.788615227,2.349891
19,clash,"The textbook lessons and the real world sometimes clash, all the more reasons to live in a big city.","The real world and textbook lessons sometimes clash, all the more reasons to live in a big city.",1,1,7,0,0,0,0,1,1.228298187,0.747105,0.904067385,2.46347332,2.519013405,1.265051
19,clash,"On December 18, Dilwale will clash with Sanjay Leela Bhansali's biopic, Bajirao Mastani, about Peshwa Bajirao.","On December 18, Sanjay Leela Bhansali's biopic, Bajirao Mastani, about Peshwa Bajirao will clash with Dilwale.",1,1,4,2,0,1,0,1.714285714,3.541321754,3.389377,2.688546745,2.388018608,2.561239481,2.532233
19,clash,LCS and LACS will clash with each other again at the Winners' Bracket Finals after disposing of their first round opponents.,LACS and LCS will clash with each other again at the Winners' Bracket Finals after disposing of their first round opponents.,1,1,7,0,0,0,0,1,2.911002636,0.7972143,1.366699128,2.04537034,2.194545984,1.1775613
20,converse,"Gabriel could converse with the guards in German, so Gabriel was able to leave on weekends.","The guards could converse with Gabriel in German, so Gabriel was able to leave on weekends.",1,1,4,0,1,0,2,2.428571429,2.964691639,2.9569564,3.404380292,2.107897997,2.127870083,2.2794127
20,converse,Some of the nuns and the girls could converse fluently in Latin in the Strassburg monastery of St. Margaret.,The girls and some of the nuns could converse fluently in Latin in the Strassburg monastery of St. Margaret.,1,1,6,0,1,0,0,1.285714286,2.341880322,2.5548115,1.753698167,2.095191956,2.220819473,1.1305649
20,converse,I can converse with them in their own tongue since I have learnt their language pretty well.,They can converse with me in their own tongue since I have learnt their language pretty well.,1,1,3,1,1,2,0,2.285714286,3.778336287,3.3120975,3.884316242,2.296631575,2.303891659,2.5383787
20,converse,"Adam and Eve conversed with each other as language was given, and Adam spoke first.","Eve and Adam conversed with each other as language was given, and Adam spoke first.",1,1,7,0,0,0,0,1,0.71932888,1.8888528,1.419751968,1.854263663,1.803275824,1.0445514
20,converse,"Taveras will converse with the others on the panel ""Electoral Politics: Latino Identity, Partisanship, Mobilization, and Voting.""","The others will converse with Taveras on the panel ""Electoral Politics: Latino Identity, Partisanship, Mobilization, and Voting.""",1,1,4,1,0,2,0,2,2.784417629,2.7810338,3.684852005,2.347809553,2.523297071,1.8125917
20,converse,He and the people of Sakhalin and the Amur conversed via interpreter.,He and the people of Sakhalin and the Amur conversed via interpreter.,1,1,7,0,0,0,0,1,1.84551549,2.2583575,1.942340746,1.814826965,1.847870111,1.1400224
20,converse,"You can converse with your peers in a caf_, as it's not a bad place to hang out in.","Your peers can converse with you in a caf_, as it's not a bad place to hang out in.",1,1,3,0,3,1,0,2.285714286,1.943496466,3.154871,2.84990362,2.251650572,2.268066406,2.4348383
20,converse,"As long as the caller and subscriber conversed with each other, the connection between port A and port B would be held.","As long as the subscriber and caller conversed, the connection between port A and port B would be held.",1,1,5,2,0,0,0,1.285714286,1.157576561,2.6985164,3.754754369,1.962103963,1.976193905,1.0570934
20,converse,"Lead teachers should converse with parents when it is most comfortable for the family, but especially at drop off and pick up times.","Parents should converse with lead teachers when it is most comfortable for the family, but especially at drop off and pick up times.",1,1,4,1,1,1,0,1.857142857,2.128088951,2.9401925,3.81114346,2.341408491,2.367552042,2.200273
20,converse,"Mark Bradford, featured in the Season 4 episode Paradox, and Thelma Golden, Director and Chief Curator at the Studio Museum will converse in Harlem at 7pm.","Thelma Golden, Director and Chief Curator at the Studio Museum and Mark Bradford, featured in the Season 4 episode Paradox, will converse in Harlem at 7pm.",1,1,5,0,0,1,1,2,3.04740572,2.4090765,1.47614106,1.871941805,1.848588228,2.232158
21,love,Siyabonga will love it but it won't love him.,It will love Siyabonga but it won't love him.,1,0,0,0,0,1,6,4.857142857,4.422603607,3.7835052,1.872322039,2.699321747,3.12640357,4.5486403
21,love,The students and their mentors love each other.,The mentors and their students love each other.,1,0,7,0,0,0,0,1,-0.820388317,0.6581507,2.806530606,2.025639296,2.071508884,1.0891466
21,love,"People love the cute puppy, who never acts out.","The cute puppy, who never acts out, loves people.",1,0,0,0,1,0,6,4.714285714,6.300262451,4.44013,3.463324063,2.243747234,2.72532773,4.374052
21,love,How can Adam and Eve love as Christ loved?,How can Eve and Adam love as Christ loved?,1,0,7,0,0,0,0,1,2.081317663,1.2998877,0.887024852,1.592371821,1.915360928,1.315696
21,love,How can you love him when he possibly loves someone else?,How can he love you when he possibly loves someone else?,1,0,0,0,1,3,3,4.285714286,1.264886856,4.0075307,2.350707088,2.474750042,2.841083527,4.4897833
21,love,Mothers and priests love unconditionally.,Priests and mothers love unconditionally.,1,0,7,0,0,0,0,1,2.313728094,1.0187086,2.522265076,2.186133385,2.323528767,1.0744057
21,love,A man might love this world that it would break his heart.,This world might love a man that it would break his heart.,1,0,0,0,1,0,6,4.714285714,4.564605236,4.507821,2.892087275,2.483001232,2.436056614,4.780251
21,love,Happy families and secrets love one another.,Secrets and happy families love one another.,1,0,6,1,0,0,0,1.142857143,0.365880966,0.7545097,1.345934888,2.073859215,2.208905458,1.055911
21,love,Then I will love my family with all my heart.,Then my family will love me with all their heart.,1,0,0,1,1,0,5,4.285714286,5.115280628,3.8433065,3.072935546,2.670209408,2.883335352,4.655532
21,love,Brad and Jen loved each other but not completely.,Jen and Brad loved each other but not completely.,1,0,7,0,0,0,0,1,0.518116474,0.7640151,2.522265076,1.776199818,1.978984475,1.0791941
22,drown,The drum drowns out the noises from everyday reality so the dreamer can focus exclusively on the dream journey.,The noises drown out the drum from everyday reality so the dreamer can focus exclusively on the dream journey.,1,0,0,0,1,1,5,4.571428571,3.13216877,3.0219429,3.149971722,2.173906326,2.049884796,3.991653
22,drown,My hands and arms drowned but my head stayed afloat. ,My arms and hands drowned but my head stayed afloat. ,1,0,7,0,0,0,0,1,2.052294493,0.8768123,1.707750954,1.793460608,1.573726535,1.3250114
22,drown,"In December 2010 and January 2011, Tropical Cyclone Tasha and a wet year drowned Queensland, Australia.","In December 2010 and January 2011, Queensland, Australia drowned Tropical Cyclone Tasha and a wet year.",1,0,1,1,0,1,4,3.857142857,2.927175283,2.2343206,3.196944233,1.674562812,1.661632061,2.5338793
22,drown,"Sula and Marcus drown in time consuming, space bending sound.","Marcus and Sula drown in time consuming, space bending sound.",1,0,7,0,0,0,0,1,2.478116989,0.8205171,1.273852422,1.815856695,1.753586054,1.5449191
22,drown,"He drowns his old self in the bath, but doesn't go through with it out of love for his parents.","His old self drowns him in the bath, but doesn't go through with it out of love for his parents.",1,0,1,0,0,0,6,4.428571429,2.548305511,3.4532151,3.149971722,2.415999889,2.541624546,5.0112257
22,drown,Children and adults may drown in an improperly sized or adjusted PFD.,Adults and children may drown in an improperly sized or adjusted PFD.,1,0,7,0,0,0,0,1,-0.466406822,1.1320674,2.900367937,1.745235205,1.641962051,1.9134461
22,drown,"An apparently mentally ill woman drowned her daughters, a recent incident discussed in the story.","Her daughters drowned an apparently mentally ill woman, a recent incident discussed in the story.",1,0,2,0,0,0,5,3.857142857,2.781219959,2.0873628,3.752014999,1.975954413,1.900756955,4.749711
22,drown,A girl and someone else drowned.,Someone else and a girl drowned.,1,0,5,1,0,0,1,1.714285714,2.707699299,0.41642192,1.785639863,1.803144932,1.706910133,1.2993501
22,drown,"Klara drowned me and I drowned her, maybe at the same time. ","I drowned Klara and she drowned me, maybe at the same time. ",1,0,4,2,0,0,1,1.857142857,0.972374439,2.8855274,3.905627016,1.860854864,1.524349213,2.1391826
22,drown,"Paula and the lifeguard cannot drown each other, one has to save the other.","The lifeguard and Paula cannot drown each other, one has to save the other.",1,0,7,0,0,0,0,1,-0.332047462,1.3518864,1.496142991,1.961971641,1.91648221,1.3230647
23,see,"The doctor sees many patients, so wait for your turn.","Many patients see the doctor, so wait for your turn.",1,0,1,2,2,1,1,2.857142857,4.516889572,3.1253653,1.924688656,2.397034883,2.370247602,4.4806986
23,see,Dogs and cats see in black and white.,Cats and dogs see in black and white.,1,0,7,0,0,0,0,1,1.390817642,1.9375485,1.004835039,1.92359066,1.948895574,1.9374944
23,see,"I see you as a little less gentlemanly, and considerably more cut-throat in the House.","You see me as a little less gentlemanly, and considerably more cut-throat in the House.",1,0,0,0,0,1,6,4.857142857,4.38176918,3.9535623,1.924688656,2.425841093,2.429179668,4.356248
23,see,"At that moment, Jesus and His disciples see.","At that moment, His disciples and Jesus see.",1,0,4,2,1,0,0,1.571428571,0.312785625,2.1545753,1.467559109,2.276686907,2.461400032,2.4896128
23,see,We saw Claire after she quit the TVD spin-off show The Originals early last year.,Claire saw us after she quit the TVD spin-off show The Originals early last year.,1,0,1,0,3,0,3,3.571428571,3.340703249,2.8096092,2.621530792,2.283079147,2.46288085,4.4917417
23,see,"To their dismay, Resource Center and the landlord saw.","To their dismay, the landlord and the Resource Center saw.",1,0,6,1,0,0,0,1.142857143,0.006701946,2.4142842,0.744947744,1.827311873,1.77750206,1.9897629
23,see,I could see Evie and Ashton.,Evie and Ashton could see me.,1,0,0,0,1,1,5,4.571428571,1.527806759,2.2835166,2.67261481,2.005117416,2.035505772,2.7863812
23,see,Some boys and girls can see and some cannot.,Girls and some boys can see and some cannot.,1,0,2,2,2,1,0,2.285714286,0.96173954,2.510924,0.744947744,1.797471046,1.860016942,1.9883128
23,see,"Next year, I will see entire families with their kids in tow.","Next year, entire families will see me with their kids in tow.",1,0,1,0,0,3,3,4,1.605450153,3.3774965,2.871290137,2.725823641,2.622914791,4.5859036
23,see,My ex-wife and I saw each other periodically but I ignored her.,Me and my ex-wife saw each other periodically but I ignored her.,1,0,7,0,0,0,0,1,0.223863602,1.8254133,0.560598249,2.252186298,1.96095705,1.7968241
24,hit,"Very few Pokemon hit over 200 damage, which makes Mega and Primal Pokemon VERY difficult to take out in one shot.","Over 200 damage hits very few Pokemon, which makes Mega and Primal Pokemon VERY difficult to take out in one shot.",1,0,0,1,1,2,3,4,5.007552624,3.677074,3.55612043,2.165537357,2.31680727,2.274399
24,hit,Taylor and Selena hit each other in the music video.,Selena and Taylor hit each other in the music video.,1,0,7,0,0,0,0,1,2.10168314,0.767236,1.584581218,2.072413683,2.055859566,1.151893
24,hit,"Male or female, you will hit back as hard as I can hit you.","Male or female, I can hit you as you will hit back as hard.",1,0,1,1,0,1,4,3.857142857,2.28053093,2.9720874,3.292173907,2.639254332,2.42660141,2.128891
24,hit,Some men hit their wives and it is pathetic.,Their wives hit some men and it is pathetic.,1,0,0,0,0,1,6,4.857142857,2.337808609,3.8919055,1.320656246,2.296800375,2.331711769,4.137162
24,hit,My abuser hit me and then I hit him back.,I hit my abuser and then he hit me back.,1,0,0,1,0,0,6,4.571428571,3.429470062,2.4173267,3.68712879,2.272733212,2.022506952,4.4780936
24,hit,The boys in fourth grade and some other boys with squirt guns hit one another.,Some other boys with squirt guns and the boys in fourth grade hit one another.,1,0,6,1,0,0,0,1.142857143,1.050831795,0.5789852,1.13352731,2.314318419,2.279345989,1.2689198
24,hit,Mark hit me two or three times in the same period.,I hit Mark two or three times in the same period.,1,0,0,0,0,0,7,5,4.06232357,4.0652165,3.301631408,2.354968071,2.223243952,4.5730376
24,hit,The pain and sadness hit hard.,The sadness and pain hit hard.,1,0,7,0,0,0,0,1,3.204069853,1.1355237,1.320656246,1.532844305,1.338978291,1.1660863
24,hit,Hogan hit him with a big boot to the chest.,He hit Hogan with a big boot to the chest.,1,0,0,0,0,1,6,4.857142857,3.046792507,3.511998,3.515292598,2.464533091,2.646692991,4.346313
24,hit,Our interests hit us particularly but do not hit America.,We hit our interests particularly but do not hit America.,1,0,0,0,1,1,5,4.571428571,2.733929157,3.2091126,1.13352731,2.471289635,2.339882851,4.46329
25,follow,"I followed a mare in heat, but I stayed a good distance away just in case she tried anything with me.","A mare in heat followed me, but I stayed a good distance away just in case she tried anything with me.",1,0,0,1,0,1,5,4.428571429,5.047535896,4.697507,3.922490918,2.409632683,2.184108973,4.8882565
25,follow,Public opinion and scientific consensus followed.,Scientific consensus and public opinion followed.,1,0,6,0,1,0,0,1.285714286,0.364824295,1.1363392,1.458166747,2.303953886,2.428147316,1.2258953
25,follow,I will follow the shady merchant to see where he goes.,The shady merchant will follow me to see where I go.,1,0,0,0,0,1,6,4.857142857,3.96034193,5.131966,3.178985463,2.454522133,2.510126591,5.0858264
25,follow,Heart and mind will follow once you've found your soul.,Mind and heart will follow once you've found your soul.,1,0,7,0,0,0,0,1,1.887727737,2.3642967,1.971068705,2.415449142,2.580574512,1.7626921
25,follow,Things might follow natural laws when given the option.,Natural laws might follow things when given the option.,1,0,1,0,0,1,5,4.285714286,0.714072227,3.7774484,3.632370147,2.379404545,2.683692694,4.3782415
25,follow,The criminals and the police follow each other.,The police and the criminals follow each other.,1,0,6,1,0,0,0,1.142857143,0.868709564,0.31696332,1.550813064,2.192986965,2.286108017,1.134835
25,follow,I'll follow her and she'll follow me back.,She'll follow me and I'll follow her back.,1,0,2,1,1,2,1,2.857142857,3.333738327,2.889587,2.898593722,2.541548491,2.801796198,2.3582346
25,follow,Extremely violent upheaval and harsh words may follow. ,Harsh words and extremely violent upheaval may follow. ,1,0,7,0,0,0,0,1,1.717284203,3.5033927,1.333646323,2.241427183,2.383996964,1.9461932
25,follow,Ban Ki-moon followed the other President.,The other President followed Ban Ki-moon.,1,0,0,0,0,0,7,5,4.82543087,3.687029,2.608472952,2.081242323,2.20830822,4.4183664
25,follow,The family members and teachers followed one another into the hall.,The teachers and family members followed one another into the hall.,1,0,7,0,0,0,0,1,-0.573533535,0.25963587,1.389057622,2.16442275,2.198939562,1.1745471
26,choke,You cannot choke him if you don't want to kill him. ,He cannot choke you if he doesn't want to kill you.,0,0,1,0,0,0,6,4.428571429,4.70365715,4.8035555,3.453618836,2.553681612,2.69286418,4.574378
26,choke,CEOs and CFOs here would probably rather choke before praising the reduction in numbers.,CFOs and CEOs here would probably rather choke before praising the reduction in numbers.,0,0,6,0,0,1,0,1.428571429,3.353430748,1.837905,1.399180838,1.96318841,1.913161516,1.0832865
26,choke,You choked the victim into unconsciousness and then rob them of all they are carrying.,The victim choked you into unconsciousness and then robbed you of all you were carrying.,0,0,0,0,0,0,7,5,4.435247421,4.129829,2.65159416,2.191669703,2.168883085,4.587818
26,choke,The president and his affiliates will choke once I've done my work.,His affiliates and the president will choke once I've done my work.,0,0,5,1,0,0,1,1.714285714,3.68726635,1.8565949,1.147456097,2.27875948,2.250017166,1.1358058
26,choke,"I won't choke you, I'm not that long.","You won't choke me, you're not that long.",0,0,0,0,1,0,6,4.714285714,3.717987299,4.3030295,2.482133779,2.658483982,2.848376036,4.4928617
26,choke,The baby and the sister might choke if their noses and mouths are not covered. ,The sister and the baby might choke if their noses and mouths are not covered. ,0,0,7,0,0,0,0,1,2.437811852,0.4460373,1.208523354,2.165031195,2.070543289,1.0437454
26,choke,Bonnie choked Miller and he choked her back.,Miller choked Bonnie and she choked him back.,0,0,3,1,0,0,3,2.857142857,3.403728485,2.773619,3.244144236,1.760863304,1.647589684,3.071959
26,choke,The DA and the man choked each other.,The man and the DA choked each other.,0,0,7,0,0,0,0,1,1.669295311,0.16568069,1.147456097,1.574193239,1.607475519,1.0698249
26,choke,"The squid choked with the fish, it was massacre.","The fish choked with the squid, it was massacre.",0,0,2,1,1,3,0,2.714285714,2.128852844,3.2244735,2.701679071,2.485713243,2.410941124,2.7174556
26,choke,My mom and my boyfriend choked when I told them I was pregnant.,My boyfriend and my mom choked when I told them I was pregnant.,0,0,7,0,0,0,0,1,2.890634537,0.83371615,1.208523354,2.048223972,1.943676591,1.1182342
27,eat,They eat some fruit gathered from the plentiful trees within the rainforest. ,Some fruit gathered from the plentiful trees within the rainforest eats them.,0,0,1,0,0,0,6,4.428571429,3.863324404,4.208837,2.890041687,2.399461508,2.370269299,5.3889194
27,eat,The family and the new mother-in-law ate.,The new mother-in-law and the family ate.,0,0,7,0,0,0,0,1,3.121430397,1.0327189,1.378844969,2.213576317,2.238329649,1.8125993
27,eat,One can eat a snack during the break or a rest from fun.,A snack can eat one during the break or a rest from fun.,0,0,0,0,0,0,7,5,1.190767527,4.684204,3.033938156,1.810959339,1.550464272,5.37864
27,eat,"Some bugs and worms eat, while others do not.","Some worms and bugs eat, while others do not.",0,0,7,0,0,0,0,1,1.656194687,1.2373405,1.160347136,2.298079252,2.36839962,1.5979996
27,eat,He probably may have eaten sand as a child.,Sand probably may have eaten him as a child.,0,0,0,0,0,0,7,5,5.548012257,4.9973793,3.115368741,1.803399086,1.786909342,5.4877944
27,eat,The pizza delivery man and the actress eat together often.,The actress and the pizza delivery man eat together often.,0,0,7,0,0,0,0,1,0.493312359,1.2699921,3.174378972,1.958691955,1.99377799,2.341146
27,eat,And then we'd eat the cake.,And then the cake would eat us.,0,0,0,0,0,0,7,5,2.135928392,3.7482207,3.346625326,1.611326456,1.768989325,5.4529605
27,eat,The model and her friend would probably eat each other after this is all over.,Her friend and the model would probably eat each other after this is all over.,0,0,7,0,0,0,0,1,1.586652517,1.0119015,3.120947651,2.087181091,1.988693714,1.9700961
27,eat,My mother and Mary Poppins ate plenty of carrots.,Plenty of carrots ate my mother and Mary Poppins.,0,0,0,0,0,1,6,4.857142857,0.834033012,1.6109617,2.47022579,1.929506779,2.094790459,2.22518
27,eat,My date and I ate together but he paid the bills.,Me and my date ate together but he paid the bills.,0,0,7,0,0,0,0,1,2.175571442,1.1460837,1.971483895,2.27102375,2.176228523,1.7773603
28,copy,Live-boot will copy the entire read-only media before mounting the root filesystem. ,The entire read-only media will copy live-boot before mounting the root filesystem. ,0,0,0,0,1,0,6,4.714285714,3.567661285,3.1683328,3.496096069,2.436606884,2.494391203,4.584906
28,copy,Snapchat and Instagram copied each other.,Instagram and Snapchat copied each other.,0,0,7,0,0,0,0,1,0.573808193,1.3497504,1.145696383,1.595887184,1.519689322,0.99398154
28,copy,Readers should copy the characters depicted In the book.,The characters should copy the readers depicted In the book.,0,0,0,0,0,0,7,5,3.469569683,4.0493193,2.685148957,1.917654395,1.820298314,4.8275704
28,copy,The apprentices and the masters copied one another.,The masters and the apprentices copied one another.,0,0,7,0,0,0,0,1,1.247660398,1.197001,1.097934047,1.782972097,1.801228523,0.9459362
28,copy,The candidate should copy the paragraph at item No. 12 of the Information Sheet in English in their own running handwriting.,The paragraph at item No. 12 of the Information Sheet in English in their own running handwriting should copy the candidate.,0,0,0,0,0,1,6,4.857142857,2.814965725,4.672246,3.057796723,2.038237095,2.040289879,4.9690695
28,copy,Officer Brooks and the other guy won't copy.,The other guy and Officer Brooks won't copy.,0,0,7,0,0,0,0,1,0.93429637,1.3569548,1.624208224,2.194280624,2.329149246,1.1586374
28,copy,The sales this year copied the sales from last year.,The sales from year copied the sales from this year.,0,0,2,0,0,0,5,3.857142857,0.424210548,2.6997383,3.524083736,2.368534565,2.377370358,3.5900846
28,copy,Some ingrates and not all criminals copied.,Not all criminals and some ingrates copied.,0,0,4,0,1,2,0,2.142857143,2.217372894,2.6831856,1.516048157,1.994680405,1.995372891,1.5248036
28,copy,The rich fashion designer copied the poor seamstress and so the seamstress copied her back.,The poor seamstress copied the rich fashion designer and so the fashion designer copied her back.,0,0,0,0,1,1,5,4.571428571,1.201040506,3.9119127,2.480260751,2.021409988,1.904970646,4.244212
28,copy,"Facebook and Instagram have copied before, they'll do it again.","Instagram and Facebook have copied before, they'll do it again.",0,0,7,0,0,0,0,1,1.904082775,1.8475194,1.162546226,2.077010632,2.007489204,1.1121485
29,save,We potentially saved as much as $440 million. ,As much as $440 million potentially saved us. ,0,0,0,0,0,2,5,4.714285714,4.44432354,4.490226,2.996618608,2.313212872,2.569405556,4.4655857
29,save,The hero and the villain saved each other because it was exciting.,The villain and the hero saved each other because it was exciting.,0,0,7,0,0,0,0,1,2.297729731,0.6554205,1.663187042,2.136636019,2.08560276,1.1047921
29,save,"I'll save all of those that have been identified for a separate article, because that's going to take a lot of space! ","All of those that have been identified for a separate article will save us, because that's going to take a lot of space! ",0,0,1,0,0,0,6,4.428571429,2.497622252,4.6560783,3.117454989,2.411096334,2.414117575,4.43739
29,save,The parents and children save each other time by being cooperative.,The children and parents save each other time by being cooperative.,0,0,7,0,0,0,0,1,2.029162169,0.5034424,1.42773105,1.907130361,1.904381156,1.1096226
29,save,Superman saved Lois Lane so many times.,Lois Lane saved Superman so many times.,0,0,1,0,0,0,6,4.428571429,6.333850384,4.6314473,2.589586746,1.963659048,2.147075653,4.4250436
29,save,The Indians and Chinese saved for years.,The Chinese and Indians saved for years.,0,0,7,0,0,0,0,1,1.155841112,1.0537527,1.909037386,1.660218,1.474650621,1.0977472
29,save,"Dr. Tengis Gvasalia, the director, saved many lives and he feels like they saved him too.","Many lives saved Dr. Tengis Gvasalia, the director, and he feels like they saved him too.",0,0,1,0,0,0,6,4.428571429,4.064981937,3.8685775,3.271768912,2.092425108,2.169475079,4.1153083
29,save,The twins and the mother saved but the money ran out.,The mother and the twins saved but the money ran out.,0,0,7,0,0,0,0,1,1.237834454,0.8057216,1.467053296,2.164200783,2.229242802,1.1024195
29,save,"He also, more than once, saved young men from regime forces attempting to marshall into mandatory military service.","Young men, more than once, saved him from regime forces attempting to marshall into mandatory military service.",0,0,0,1,0,1,5,4.428571429,4.602876663,4.4232183,3.271768912,2.189094305,2.153524876,4.442443
29,save,"Jesus and Allah save, but is it enough?","Jesus and Allah save, but is it enough?",0,0,7,0,0,0,0,1,2.257103443,1.8227518,1.909037386,2.483568668,2.622346163,1.0934438
30,hate,"You may hate that song, Last Christmas by Wham!","That song, Last Christmas by Wham!, may hate you.",0,0,0,0,0,0,7,5,5.487338066,4.2350903,3.405576799,2.369333744,2.684440613,4.4472895
30,hate,"The racist groups and incels always hate, it's what they do.","The incelsand racist groups always hate, it's what they do.",0,0,7,0,0,0,0,1,3.787110806,0.9474313,1.232477381,2.345000744,2.399238348,1.1228498
30,hate,"Jews in any period, even in the darkest of the Middle Ages, did not hate other subjects. ","Other subjects did not hate Jews in any period, even in the darkest of the Middle Ages.",0,0,1,0,1,1,4,4,2.825618267,3.231206,3.090752555,2.052582741,2.029712915,3.2710338
30,hate,The republicans and the liberals hate one another in America. ,The liberals and the republicans hate one another in America. ,0,0,7,0,0,0,0,1,1.352298737,0.20967609,1.453616245,2.077544689,1.949938536,1.0622432
30,hate,"They must hate games like Pats-Jets, and the games probably hate them too.","Games like Pats-Jets must hate them, and the games probably hate them too.",0,0,1,0,1,2,3,3.857142857,3.440236092,3.0974836,3.094637894,2.399351835,2.568731546,3.4149733
30,hate,"Kamala and her husband hated each other for so long, but now she treats him with love. ","Kamala's husband and her hated each other for so long, but now she treats him with love. ",0,0,6,0,0,0,1,1.571428571,3.041438103,0.58939666,1.408540493,2.188083887,2.136850357,1.0623434
30,hate,Al-Anon can hate the alcoholic and vice versa.,The alcoholic can hate Al-Anon and vice versa.,0,0,6,0,0,1,0,1.428571429,2.276399612,3.4606764,3.21734536,1.910535097,1.997983217,3.1035812
30,hate,Not all boys and girls hate each other.,Not all girls and boys hate each other.,0,0,6,0,0,0,1,1.571428571,1.895374298,0.31674486,1.408540493,2.192198515,2.311129808,1.0591667
30,hate,I hate my kids and they hate me.,My kids hate me and I hate them.,0,0,6,1,0,0,0,1.142857143,3.879345655,2.3257568,1.84711532,2.466081381,2.185439825,2.620109
30,hate,Dad and my stepmom hated each other but not always at the same time.,My stepmom and dad hated each other but not always at the same time.,0,0,7,0,0,0,0,1,0.775506973,0.19344239,1.232477381,2.268507242,2.279414892,1.0547868
31,kill,"They killed fleas, flies, and disease-carrying insects in the old people's home in Pashupati.","Fleas, flies, and disease-carrying insects killed them in the old people's home in Pashupati.",1,0,1,0,0,0,6,4.428571429,3.61496973,4.561125,3.454295013,2.232339144,2.267723322,3.5232174
31,kill,The disease and the virus kill as they are the same.,The virus and the disease kill as they are the same.,1,0,7,0,0,0,0,1,-0.491098404,0.73540926,1.401127175,2.403818846,2.276609659,1.0283326
31,kill,The creator of biblical imagery will kill me if I said yes.,I will kill the creator of biblical imagery if he said yes.,1,0,0,0,0,0,7,5,3.093140125,4.7725782,3.454295013,2.6070683,2.434681416,4.900551
31,kill,Jack and I will kill each other once you leave town.,Me and Jack will kill each other once you leave town.,1,0,6,1,0,0,0,1.142857143,1.686789274,0.59538656,1.401127175,2.3406353,2.414736509,1.0537827
31,kill,"After his defeat in New York, the X-Men would probably kill the man, but they didn''t.","After his defeat in New York, the man would probably kill the X-Men, but they didn''t.",1,0,0,0,0,0,7,5,3.132901192,4.339156,3.729046679,2.190341234,2.297073603,4.8516397
31,kill,"They won't kill him, they will kill with him.","He won't kill them, he will kill with them.",1,0,0,2,2,1,2,3.428571429,3.636724472,3.9679604,1.361364217,2.918548346,3.245182514,4.327144
31,kill,Christine Quinn can kill legislation simply by not bringing it to the council floor for a vote.,Legislation can kill Christine Quinn simply by not bringing it to the council floor for a vote.,1,0,0,0,0,0,7,5,3.638756275,4.3272114,3.137827078,2.422020674,2.537437677,4.840614
31,kill,Wes killed Sam but Sam killed him in the act apparently.,Sam killed Wes but Wes killed him too in the act apparently.,1,0,4,1,0,0,2,2.285714286,4.111351013,4.1593795,1.473088371,2.202508926,2.365591526,4.1296525
31,kill,He will kill you and me if we talk.,You and I will kill him if we talk.,1,0,0,0,0,1,6,4.857142857,3.319627285,4.888859,3.454295013,2.735267162,2.854906321,4.4097366
31,kill,"The mafia and the gang have killed together to hide this secret, okay?","The gang and the mafia have killed together to hide this secret, okay?",1,0,7,0,0,0,0,1,1.933449507,0.69381887,1.473088371,2.231613636,2.192826748,1.0405766
32,chase,Water won't chase her out of the place.,She won't chase water out of the place.,1,0,2,0,0,0,5,3.857142857,4.671103954,4.7615213,3.485424898,2.199811459,2.402502775,4.9279404
32,chase,Dreams and reality constantly chase each other to no avail.,Reality and dreams constantly chase each other to no avail.,1,0,7,0,0,0,0,1,1.760471106,1.3607529,1.705948513,2.112964153,2.1522789,1.0556451
32,chase,LL will blindly chase after them but really they will be chasing after him.,They will blindly chase after LL but really he will be chasing after them.,1,0,1,0,1,0,5,4.142857143,2.414102077,4.72704,3.835552996,2.354934216,2.457729101,4.354998
32,chase,My exes and I chase after one another but I always choose one.,Me and my exes chase after one another but I always choose one.,1,0,6,0,0,1,0,1.428571429,0.65571785,1.2656878,2.038298993,2.293897152,2.14197588,1.063118
32,chase,A goshawk may also chase poultry into buildings.,Poultry may also chase goshawk into buildings.,1,0,0,0,0,1,6,4.857142857,4.954728603,5.4349246,3.3364139,2.654780626,2.697109461,4.7229958
32,chase,MPs and government officials from Badakhshan chased and chased but found nothing.,Government officials and MPs from Badakhshan chased and chased but found nothing.,1,0,7,0,0,0,0,1,2.50233078,3.5175693,1.624092903,1.743685961,1.682123065,1.3254733
32,chase,Rylee 2.0 chased some squirrel 500 ft from us. ,Some squirrel 500 ft from us chased Rylee 2.0.,1,0,0,0,0,1,6,4.857142857,1.912134886,5.318814,3.769343341,2.145505667,2.331779003,4.3830366
32,chase,He and the story chased each other until he caught up.,The story and him chased each other until he caught up.,1,0,6,1,0,0,0,1.142857143,2.323541641,1.3678007,1.220392878,2.075573206,2.113489628,1.0308498
32,chase,My wife will chase me and my mother-in-law outside if we don't leave her alone in there. ,Me and my mother-in-law will chase my wife outside if we don't leave her alone in there. ,1,0,0,0,0,1,6,4.857142857,3.644625902,3.9922454,1.183799666,2.310412645,2.311025381,4.356161
32,chase,Officer Leroy Applequist and cruisers used to chase each other in Modesto.,Cruisers and Officer Leroy Applequist used to chase each other in Modesto.,1,0,7,0,0,0,0,1,-0.293444633,1.4362423,1.465973473,2.145938873,2.122514248,1.0832038
33,hurt,I will hurt you more so stop screaming.,You will hurt me more so stop screaming.,1,0,0,0,0,0,7,5,4.253334999,4.574919,3.577776704,2.75750947,2.706727266,4.802858
33,hurt,Extraordinarily low mortgage rates and bankrupcy claims don't hurt either.,Bankrupcy claims and extraordinarily low mortgage rates don't hurt either.,1,0,6,0,0,1,0,1.428571429,3.438833714,2.6271567,1.418734475,2.142165184,1.970913887,1.3687863
33,hurt,Some of these people maybe hurt the lens.,The lens maybe hurt some of these people.,1,0,1,0,0,1,5,4.285714286,3.335916996,4.5188284,3.486106311,2.267433882,2.578915834,4.3627267
33,hurt,This and breastfeeding do not hurt each other if you are doing it right.,Breastfeeding and this do not hurt each other if you are doing it right.,1,0,7,0,0,0,0,1,1.73121357,1.0877308,1.636163207,2.166461468,1.972487092,1.0963615
33,hurt,"You can hurt yourself and others, and I want people to think about that. ","Yourself and others can hurt you, and I want people to think about that. ",1,0,1,0,0,3,3,4,3.335523367,3.9797552,3.693956507,2.370175123,2.311514378,4.307429
33,hurt,The stocks and banks will hurt and I'll ensure it.,The banks and stocks will hurt and I'll ensure it.,1,0,7,0,0,0,0,1,1.653461695,1.3374921,1.418734475,2.385201693,2.324267626,1.1612008
33,hurt,"The baby's birth hurts the mother, but the mother hurts the baby too.","The mother hurts the baby's birth, but the baby hurts the mother too.",1,0,0,1,0,2,4,4.285714286,3.563142061,3.5583763,3.570248387,2.486186504,2.512628555,4.0838923
33,hurt,Rural communities and wildlife hurt because of your actions.,Wildlife and rural commuties hurt because of your actions.,1,0,7,0,0,0,0,1,3.886073351,1.6966337,1.643647856,2.525413513,2.410952091,1.2696145
33,hurt,"The financial system will hurt everyone except the ""Elite"" and those that are aware and prepared.","The ""Elite"" will hurt everyone except the financial system and those that are aware and prepared.",1,0,1,0,0,0,6,4.428571429,2.447706699,3.3300974,3.727077942,2.014041901,2.047943115,3.969437
33,hurt,He and I both hurt when we do it.,Me and him both hurt when we do it.,1,0,6,1,0,0,0,1.142857143,3.042207479,1.0927851,1.502876551,2.199619055,2.073027611,1.1476122
34,push,Murtha pushed for a pullout of U.S. forces from Iraq as soon as it could be done safely.,A pullout of U.S. forces from Iraq pushed for Murtha as soon as it could be done safely.,4.17,0,0,0,1,0,6,4.714285714,4.029094219,4.7320495,2.902692072,2.271233082,2.263410807,4.249517
34,push,The members and leaders pushed each other to thrive.,The leaders and members pushed each other to thrive.,4.17,0,7,0,0,0,0,1,-0.096487045,1.0605772,1.461013075,1.919416189,1.843022823,0.98484373
34,push,"Quentin Tarantino pushes the limits of speed and taste in ""Death Proof.""","The limits of speed and taste pushes Quentin Tarantino in ""Death Proof.""",4.17,0,0,0,0,1,6,4.857142857,1.461115837,5.052934,3.606337135,2.200082779,2.306097269,3.698417
34,push,"William Stephenson and William Donovan pushed, and the board listened.","William Donovan and William Stephenson pushed, and the board listened.",4.17,0,7,0,0,0,0,1,2.218681574,2.1483288,1.498361549,1.864223957,2.012213469,1.266861
34,push,Her finger pushed against his sphincter and he squealed.,His sphincter pushed against her finger and he squealed.,4.17,0,0,2,2,1,2,3.428571429,4.047616959,4.700353,3.537636191,1.863825798,1.812231183,4.1145744
34,push,The girl with the low GPA and the other dropout will push if you let them.,The other dropout and the girl with the low GPA will push if you let them.,4.17,0,7,0,0,0,0,1,2.059604406,2.7237048,2.93308787,2.484762669,2.756804705,1.357634
34,push,Pakistan shall not push Afghan refugees to return.,Afghan refugees shall not push Pakistan to return.,4.17,0,0,0,0,1,6,4.857142857,3.33621788,4.866032,3.672360528,2.198199511,2.270864964,4.814304
34,push,Council and the congress are pushing together.,The congress and council are pushing together.,4.17,0,7,0,0,0,0,1,-0.274432659,1.0645456,1.457060497,1.943435192,2.01819849,0.99967706
34,push,"Another person or power will push them, but it won't be me.","They will push another person or power, but it won't be me.",4.17,0,1,0,0,0,6,4.428571429,4.855494499,4.593696,3.237445709,2.423686743,2.611630678,3.7735507
34,push,Lightweight lanai furniture and a lanai railing pushed each other last time.,A lanai railing and lightweight lanai furniture pushed each other last time.,4.17,0,7,0,0,0,0,1,1.680727005,1.1996578,1.751578051,2.323256016,2.184853077,1.0201174
35,bounce,My father would bounce a tennis ball and that annoyed my mother.,A tennis ball would bounce my father and that annoyed my mother.,2.33,0,1,0,0,0,6,4.428571429,4.547587395,3.359116,3.022770425,2.105234623,2.105939865,4.48957
35,bounce,Her long black hair and boobs bounced as she walked.,Her boobs and long black hair bounced as she walked.,2.33,0,7,0,0,0,0,1,1.588176012,2.5434368,1.493247489,2.012210369,1.884479642,1.0762253
35,bounce,She bounced on me while I laid in bed smiling.,"I bounced on her while she laid in bed, smiling.",2.33,0,0,0,1,1,5,4.571428571,3.631983042,3.5848637,2.880537125,2.172958374,2.076644897,2.940557
35,bounce,My son and daughter bounced on each other playfully.,My daughter and son bounced on each other playfully.,2.33,0,7,0,0,0,0,1,2.401685476,0.87496334,1.00475075,1.996413112,2.048506737,0.93299574
35,bounce,Light bounced off the glass and reflected my image.,Glass bounced off the light and reflected my image.,2.33,0,1,0,0,1,5,4.285714286,1.867252827,2.9510167,2.880537125,1.988642335,2.020124197,2.9601142
35,bounce,"My girlfriend and him bounced all night, if you know what I mean.","He and my girlfriend bounced all night, if you know what I mean.",2.33,0,6,0,0,1,0,1.428571429,1.434617996,1.2275239,1.459750283,2.254102468,2.105346918,0.877893
35,bounce,"I'll bounce ideas off another person, but they will bounce ideas off me too.","Another person will bounce ideas off me, but I'll bounce ideas off them too.",2.33,0,7,0,0,0,0,1,3.176728249,3.278134,3.378507773,2.48652935,2.508655548,4.09607
35,bounce,"Both my email and the cheque bounced, so I'm screwed.","Both the cheque and my email bounced, so I'm screwed.",2.33,0,7,0,0,0,0,1,1.226277828,2.0407934,1.459750283,2.129203796,2.119178295,0.8774844
35,bounce,I would bounce on her butt or that butt would bounce on me.,Her butt would bounce on me or I would bounce on her butt.,2.33,0,4,2,1,0,0,1.571428571,3.451343536,3.185786,3.451064838,2.507225037,2.510215759,3.689207
35,bounce,The tigers and the bears bounced together in celebration.,The bears and the tigers bounced together in celebration.,2.33,0,7,0,0,0,0,1,2.124187946,0.8649642,1.459750283,1.994112253,1.90083456,0.8617895
36,lecture,He lectures on the history of art and it's boring.,The history of art lectures him and it's boring.,0,0,0,0,0,0,7,5,3.112919331,4.2865887,2.834344505,2.260505199,2.272736073,4.0569468
36,lecture,500 students from bio and 100 students from chemistry lectured one another.,100 students from chemistry and 500 students from bio lectured one another.,0,0,7,0,0,0,0,1,2.254072666,1.5825497,1.469078978,2.083395004,2.074579,0.9783372
36,lecture,"The professor lectures the class and they lecture him too, sometimes.","The class lectures the professor and he lectures them too, sometimes.",0,0,2,2,0,0,3,3,2.483132839,3.1959503,3.35807363,2.42485404,2.493078947,3.47152
36,lecture,The teacher and principal lectured together to educate students about safe sex.,The principal and teacher lectured together to educate students about safe sex.,0,0,7,0,0,0,0,1,2.310572386,1.5718634,1.501225421,2.033372164,1.986964703,1.0287794
36,lecture,He lectured me about getting too much sun so I lectured him about being annoying.,I lectured him about getting too much sun so lectured me about being annoying.,0,0,0,0,0,0,7,5,3.15506959,4.142411,2.989781255,2.345030308,2.335918903,4.9469714
36,lecture,The prom queen and debate champion lectured each other yesterday. ,The debate champion and prom queen lectured each other yesterday. ,0,0,6,0,0,1,0,1.428571429,2.254472733,1.2348791,1.135295607,1.839376926,1.780511379,1.0355425
36,lecture,We lectured people to take advantage of their funds.,People lectured us to take advantage of our funds.,0,0,0,0,1,0,6,4.714285714,3.171936512,5.244484,2.989781255,2.013454676,2.077580214,5.1592937
36,lecture,Everyday me and that other teacher would lecture about the economy.,Everyday that other teacher and me would lecture about the economy.,0,0,4,2,0,0,1,1.857142857,1.419158936,2.179793,1.421390744,2.155018091,2.135338306,1.0187036
36,lecture,"Lawyers lecture with their clients, not with the judge.","Clients lecture with their lawyers, not with the judge.",0,0,2,0,1,2,2,3.285714286,1.133723259,3.1188202,3.069615932,2.432943106,2.493899107,2.9113073
36,lecture,Ray and Jill lectured each other about the consequences of the recession.,Jill and Ray lectured each other about the consequences of the recession.,0,0,7,0,0,0,0,1,2.364553452,1.2392845,1.546091586,2.079392195,2.154899597,1.0437022
37,hurry,"The president hurried the process of independence, or at least tried to.","The process of independence hurried the president, or at least tried to.",2.33,0,0,0,0,2,5,4.714285714,3.027231216,4.5925436,3.387382128,1.877291679,1.767433524,4.5522428
37,hurry,Deidre and I hurried as soon as we got the news.,Me and Deidre hurried as soon as we got the news.,2.33,0,6,0,1,0,0,1.285714286,1.979124546,2.3381262,1.207574079,2.064306974,1.81707263,1.1916457
37,hurry,"I won't hurry you into any decision, so take your time.","You won't hurry me into any decision, so take your time.",2.33,0,0,0,1,0,6,4.714285714,2.628692627,4.565988,3.002831111,2.775288582,2.614961386,4.587459
37,hurry,The governor and I hurried together to help out.,Me and the governor hurried together to help out.,2.33,0,7,0,0,0,0,1,0.404545307,1.7925394,1.448587499,2.096554518,2.004763842,1.100305
37,hurry,She was hurrying me so I hurried her back.,I was hurrying her so she hurried me back.,2.33,0,1,2,1,1,2,3.142857143,3.416799068,3.572115,3.057000403,2.185096264,1.779180527,3.3084059
37,hurry,Sonya and I are hurrying each other right now so worry about the reminders.,Me and Sonya are hurrying each other right now so worry about the reminders.,2.33,0,7,0,0,0,0,1,1.606027603,1.1040431,1.207574079,2.140709877,1.839556456,1.0945443
37,hurry,I should hurry Helen outside before she hears this.,Helen should hurry me outside before she hears this.,2.33,0,1,0,0,2,4,4.142857143,5.197457314,4.405934,2.58157303,2.389739752,2.212997913,4.939734
37,hurry,The personnel and the customers hurried out of the store when the alarm rang.,The customers and the personnel hurried out of the store when the alarm rang.,2.33,0,7,0,0,0,0,1,1.417307377,1.8189634,1.456684386,2.08439517,2.006927013,1.1271684
37,hurry,JJ did not hurry me because I was fast.,I did not hurry JJ because he was fast.,2.33,0,0,0,0,0,7,5,4.785111904,4.4367843,3.32048141,2.12093401,1.949084163,4.4270287
37,hurry,Me and my deadlines hurried together but that doesn't make sense.,My deadlines and me hurried together but that doesn't make sense.,2.33,0,5,1,1,0,0,1.428571429,1.70550704,1.1684738,1.207574079,2.031237125,1.916324854,1.1311775
38,applaud,The audience applauded me like the star I was.,I applauded the audience like the star I was.,3.17,0,0,0,1,0,6,4.714285714,2.079422474,4.41527,3.302255076,2.157232285,1.969729185,4.002748
38,applaud,Mom and Dad applauded after my turn was over.,Dad and Mom applauded after my turn was over.,3.17,0,7,0,0,0,0,1,0.602338791,1.5736403,1.400218329,1.623920918,1.585435629,1.2433834
38,applaud,We can only applaud the move and look forward to hearing the results.,The move can only applaud us and look forward to hearing the results.,3.17,0,1,0,1,0,5,4.142857143,2.435385227,5.1127195,3.217631369,2.054505825,2.081604958,4.309121
38,applaud,You and I will applaud each other afterwards.,Me and you will applaud each other afterwards.,3.17,0,7,0,0,0,0,1,0.47330761,1.1012073,1.400218329,2.058547497,1.823711157,1.196609
38,applaud,Many people will applaud mothers for their dedication and nurturing nature.,Mothers will applaud many people for their dedication and nurturing nature.,3.17,0,1,0,1,1,4,4,2.416856766,4.650267,3.053255336,2.037288904,1.94087863,4.0586166
38,applaud,The girl and her ex-friend applauded each other sarcastically.,The girl's ex-friend and her applauded each other sarcastically.,3.17,0,6,1,0,0,0,1.142857143,-0.356405258,1.0569602,1.196698979,1.737547636,1.595921755,1.1956351
38,applaud,I applauded my best friend and she applauded me too.,My best friend applauded me and I applauded her too.,3.17,0,5,2,0,0,0,1.285714286,1.452748299,4.0557146,3.053255336,1.838110209,1.69420886,1.7605451
38,applaud,The actress and fan applauded together and the former basked in the glory.,The fan and actress applauded together and the former basked in the glory.,3.17,0,5,0,0,0,2,2.142857143,-0.140623093,1.0855886,1.400218329,1.768968344,1.663491249,1.2137337
38,applaud,"I applaud the victim for her courage, and wish her well.","The victim applauds me for her courage, and wishes herself well.",3.17,0,1,0,0,0,6,4.428571429,3.499788761,4.6266575,3.217631369,2.163286448,2.022675037,4.387184
38,applaud,The wolves applauded the newborn for its first hunt.,The newborn applauded the wolves for its first hunt.,3.17,0,0,0,0,0,7,5,1.390448093,4.677165,1.637107326,2.123897076,2.22202754,3.9307973
39,know,I don't know the name of the place.,The name of the place doesn't know me.,2.83,0,0,0,0,0,7,5,3.247037888,4.2545958,3.405710347,2.187720776,2.320905924,4.0247045
39,know,Gifford and I have known each other for the better half of a decade.,Me and Gifford have known each other for the better half of a decade.,2.83,0,7,0,0,0,0,1,0.495045185,0.6576667,1.48265005,1.868662834,1.702805519,1.033234
39,know,"Mariah doesn't know Jennifer, but she was just being sassy.","Jennifer doesn't know Mariah, but she was just being sassy.",2.83,0,1,1,1,1,3,3.571428571,3.305487871,3.873627,3.262941327,2.347539425,2.359808683,3.5645523
39,know,Mom and I just didn't know.,Me and Mom just didn't know.,2.83,0,7,0,0,0,0,1,0.773793697,0.63386655,1.184844095,2.161655426,2.062595844,1.0415657
39,know,I know her and she seems to know me too.,She knows me and I seem to know her too.,2.83,0,4,1,1,0,1,2,2.51472044,2.8380265,2.641468579,2.510617733,2.446056604,1.2688265
39,know,French and Creole people knew each other but the Creoles didn't know them as much.,Creole and French people knew each other but the Creoles didn't know them as much.,2.83,0,7,0,0,0,0,1,-0.694946289,0.57359886,1.258458017,1.958289623,2.105994225,1.0393957
39,know,I knew your mother in high school and things were different between us. ,Your mother knew me in high school and things were different between us.,2.83,0,4,2,1,0,0,1.571428571,3.07079339,2.0121095,3.137283876,2.286541939,2.198406696,2.0383832
39,know,The professor and I knew each other but she pretended not to know me.,Me and the professor knew each other but she pretended not to know me.,2.83,0,6,0,1,0,0,1.285714286,-0.155095577,0.835901,1.48265005,2.043755054,2.019742012,1.0362962
39,know,She would know you if she saw you on the street. ,You would know her if you saw her on the street. ,2.83,0,1,0,0,2,4,4.142857143,4.923152447,4.749932,3.063669954,2.689519405,2.848597527,4.1037803
39,know,"Numerous people and even dogs can know, but not you.","Even dogs and numerous people can know, but not you.",2.83,0,5,1,1,0,0,1.428571429,3.632125616,2.0451446,2.994236801,2.129649162,2.358286381,1.2601682
40,break,Sue broke Reagan but she felt broken too.,Reagan broke Sue but she felt broken too.,0,0,0,0,0,1,6,4.857142857,0.292424202,3.2973373,2.717011293,2.186870813,2.346314669,4.15554
40,break,My heart and soul broke when I found out.,My soul and heart broke when I found out.,0,0,7,0,0,0,0,1,-0.000361919,1.3535722,0.53970819,2.317336321,2.178874254,1.1784568
40,break,"In 1959, Akihito broke imperial tradition by marrying a commoner.","In 1959, imperial tradition broke Akihito by marrying a commoner.",0,0,0,0,0,2,5,4.714285714,2.110520363,4.567288,2.385466976,2.422286272,2.078780651,4.090808
40,break,His car and his bank account might break if you do this.,His bank account and his car might break if you do this.,0,0,7,0,0,0,0,1,1.624144554,0.7228741,0.884399849,2.350757837,2.120015621,1.1758351
40,break,"She broke me a few years ago, so I will break her now.","I broke him a few years ago, so he will break me now.",0,0,0,0,0,1,6,4.857142857,1.986455441,4.884773,2.263154006,2.344045401,2.188574791,4.7879734
40,break,The hero and the nemesis broke against each other.,The nemesis and the hero broke against each other.,0,0,7,0,0,0,0,1,-0.15554142,0.6564854,0.53970819,2.020786762,1.923557639,1.0858134
40,break,"The sports star broke his nose, how original.","The sports star's noise broke him, how original.",0,0,1,0,0,0,6,4.428571429,3.744338512,4.6156855,2.31592695,2.387928486,2.380870819,4.493135
40,break,His voice and his thigh broke last summer.,His thigh and his voice broke last summer.,0,0,7,0,0,0,0,1,1.44842577,1.2041622,0.53970819,2.454688549,2.409499168,1.1667472
40,break,The boss might break you if disobey me.,You might break the boss if he disobeys you.,0,0,0,0,0,0,7,5,4.229272366,5.124215,2.263154006,2.585797787,2.528457642,4.8385153
40,break,Turing and his codes broke each other in different ways.,Turing's codes and him broke each other in different ways.,0,0,6,1,0,0,0,1.142857143,1.627113819,0.9181742,0.876908478,1.981157422,1.776361108,1.1238365